ProductNo,ProductName,Price,Quantity,TransactionNo
22423,Regency Cakestand 3 Tier,47122.4,13890,1989
85123A,Cream Hanging Heart T-Light Holder,30552.41,37956,2269
47566,Party Bunting,27065.47,18308,1687
22655,Vintage Red Kitchen Cabinet,23715.04,60,38
22720,Set Of 3 Cake Tins Pantry Design,21808.06,7493,1385
23298,Spotty Bunting,17878.12,8474,1146
84879,Assorted Colour Bird Ornament,17352.65,36493,1457
22960,Jam Making Set With Jars,16915.7,8717,1133
22457,Natural Slate Heart Chalkboard,16883.38,9172,1249
22197,Popcorn Holder,15396.65,56921,1392
